district,neighborhood,dist_id,nbhd_id
ADALAR,BURGAZADA MAH.,100,101
ADALAR,HEYBELIADA MAH.,100,102
ADALAR,KINALIADA MAH.,100,103
ADALAR,MADEN MAH.,100,104
ADALAR,NIZAM MAH.,100,105
ARNAVUTKOY,ADNAN MENDERES MAH.,200,201
ARNAVUTKOY,ANADOLU MAH.,200,202
ARNAVUTKOY,ARNAVUTKOY MERKEZ MAH.,200,203
ARNAVUTKOY,BAKLALI MAH.,200,204
ARNAVUTKOY,BALABAN MAH.,200,205
ARNAVUTKOY,BOGAZKOY ISTIKLAL MAH.,200,206
ARNAVUTKOY,BOLLUCA MAH.,200,207
ARNAVUTKOY,BOYALIK MAH.,200,208
ARNAVUTKOY,CILINGIR MAH.,200,209
ARNAVUTKOY,DELIKLIKAYA MAH.,200,210
ARNAVUTKOY,DURSUNKOY MAH.,200,211
ARNAVUTKOY,DURUSU MAH.,200,212
ARNAVUTKOY,FATIH MAH.,200,213
ARNAVUTKOY,HACIMASLI MAH.,200,214
ARNAVUTKOY,HADIMKOY MAH.,200,215
ARNAVUTKOY,HARACCI MAH.,200,216
ARNAVUTKOY,HASTANE MAH.,200,217
ARNAVUTKOY,HICRET MAH.,200,218
ARNAVUTKOY,IMRAHOR MAH.,200,219
ARNAVUTKOY,ISLAMBEY MAH.,200,220
ARNAVUTKOY,KARABURUN MAH.,200,221
ARNAVUTKOY,KARLIBAYIR MAH.,200,222
ARNAVUTKOY,MARESAL FEVZI CAKMAK MAH.,200,223
ARNAVUTKOY,MAVIGOL MAH.,200,224
ARNAVUTKOY,MEHMET AKIF ERSOY MAH.,200,225
ARNAVUTKOY,MERKEZ ATATURK MAH.,200,226
ARNAVUTKOY,MUSTAFA KEMAL PASA MAH.,200,227
ARNAVUTKOY,NENEHATUN MAH.,200,228
ARNAVUTKOY,OMERLI MAH.,200,229
ARNAVUTKOY,SAZLIBOSNA MAH.,200,230
ARNAVUTKOY,TASOLUK MAH.,200,231
ARNAVUTKOY,TAYAKADIN MAH.,200,232
ARNAVUTKOY,TERKOS MAH.,200,233
ARNAVUTKOY,YASSIOREN MAH.,200,234
ARNAVUTKOY,YAVUZ SELIM MAH.,200,235
ARNAVUTKOY,YENIKOY MAH.,200,236
ARNAVUTKOY,YESILBAYIR MAH.,200,237
ARNAVUTKOY,YUNUS EMRE MAH.,200,238
ATASEHIR,ASIKVEYSEL MAH.,300,301
ATASEHIR,ATATURK MAH.,300,302
ATASEHIR,BARBAROS MAH.,300,303
ATASEHIR,ESATPASA MAH.,300,304
ATASEHIR,FERHATPASA MAH.,300,305
ATASEHIR,FETIH MAH.,300,306
ATASEHIR,ICERENKOY MAH.,300,307
ATASEHIR,INONU MAH.,300,308
ATASEHIR,KAYISDAGI MAH.,300,309
ATASEHIR,KUCUKBAKKALKOY MAH.,300,310
ATASEHIR,MEVLANA MAH.,300,311
ATASEHIR,MIMAR SINAN MAH.,300,312
ATASEHIR,MUSTAFA KEMAL MAH.,300,313
ATASEHIR,ORNEK MAH.,300,314
ATASEHIR,YENI CAMLICA MAH.,300,315
ATASEHIR,YENISAHRA MAH.,300,316
ATASEHIR,YENISEHIR MAH.,300,317
AVCILAR,AMBARLI MAH.,400,401
AVCILAR,CIHANGIR MAH.,400,402
AVCILAR,DENIZKOSKLER MAH.,400,403
AVCILAR,FIRUZKOY MAH.,400,404
AVCILAR,GUMUSPALA MAH.,400,405
AVCILAR,MERKEZ MAH.,400,406
AVCILAR,MUSTAFA KEMALPASA MAH.,400,407
AVCILAR,TAHTAKALE MAH.,400,408
AVCILAR,UNIVERSITE MAH.,400,409
AVCILAR,YESILKENT MAH.,400,410
BAGCILAR,100. YIL MAH.,500,501
BAGCILAR,15 TEMMUZ MAH.,500,502
BAGCILAR,BAGLAR MAH.,500,503
BAGCILAR,BARBAROS MAH.,500,504
BAGCILAR,CINAR MAH.,500,505
BAGCILAR,DEMIRKAPI MAH.,500,506
BAGCILAR,FATIH MAH.,500,507
BAGCILAR,FEVZI CAKMAK MAH.,500,508
BAGCILAR,GOZTEPE MAH.,500,509
BAGCILAR,GUNESLI MAH.,500,510
BAGCILAR,HURRIYET MAH.,500,511
BAGCILAR,INONU MAH.,500,512
BAGCILAR,KAZIM KARABEKIR MAH.,500,513
BAGCILAR,KEMALPASA MAH.,500,514
BAGCILAR,KIRAZLI MAH.,500,515
BAGCILAR,MAHMUTBEY MAH.,500,516
BAGCILAR,MERKEZ MAH.,500,517
BAGCILAR,SANCAKTEPE MAH.,500,518
BAGCILAR,YAVUZ SELIM MAH.,500,519
BAGCILAR,YENIGUN MAH.,500,520
BAGCILAR,YENIMAHALLE MAH.,500,521
BAGCILAR,YILDIZTEPE MAH.,500,522
BAHCELIEVLER,BAHCELIEVLER MAH.,600,601
BAHCELIEVLER,COBANCESME MAH.,600,602
BAHCELIEVLER,CUMHURIYET MAH.,600,603
BAHCELIEVLER,FEVZI CAKMAK MAH.,600,604
BAHCELIEVLER,HURRIYET MAH.,600,605
BAHCELIEVLER,KOCASINAN MERKEZ MAH.,600,606
BAHCELIEVLER,SIRINEVLER MAH.,600,607
BAHCELIEVLER,SIYAVUSPASA MAH.,600,608
BAHCELIEVLER,SOGANLI MAH.,600,609
BAHCELIEVLER,YENIBOSNA MERKEZ MAH.,600,610
BAHCELIEVLER,ZAFER MAH.,600,611
BAKIRKOY,ATAKOY 1. KISIM MAH.,700,701
BAKIRKOY,ATAKOY 2-5-6. KISIM MAH.,700,702
BAKIRKOY,ATAKOY 3-4-11. KISIM MAH.,700,703
BAKIRKOY,ATAKOY 7-8-9-10. KISIM MAH.,700,704
BAKIRKOY,BASINKOY MAH.,700,705
BAKIRKOY,CEVIZLIK MAH.,700,706
BAKIRKOY,KARTALTEPE MAH.,700,707
BAKIRKOY,OSMANIYE MAH.,700,708
BAKIRKOY,SAKIZAGACI MAH.,700,709
BAKIRKOY,SENLIKKOY MAH.,700,710
BAKIRKOY,YENIMAHALLE MAH.,700,711
BAKIRKOY,YESILKOY MAH.,700,712
BAKIRKOY,YESILYURT MAH.,700,713
BAKIRKOY,ZEYTINLIK MAH.,700,714
BAKIRKOY,ZUHURATBABA MAH.,700,715
BASAKSEHIR,ALTINSEHIR MAH.,800,801
BASAKSEHIR,BAHCESEHIR 1. KISIM MAH.,800,802
BASAKSEHIR,BAHCESEHIR 2. KISIM MAH.,800,803
BASAKSEHIR,BASAK MAH.,800,804
BASAKSEHIR,BASAKSEHIR MAH.,800,805
BASAKSEHIR,GUVERCINTEPE MAH.,800,806
BASAKSEHIR,KAYABASI MAH.,800,807
BASAKSEHIR,SAHINTEPE MAH.,800,808
BASAKSEHIR,SAMLAR MAH.,800,809
BASAKSEHIR,ZIYA GOKALP MAH.,800,810
BAYRAMPASA,ALTINTEPSI MAH.,900,901
BAYRAMPASA,CEVATPASA MAH.,900,902
BAYRAMPASA,ISMET PASA MAH.,900,903
BAYRAMPASA,KARTALTEPE MAH.,900,904
BAYRAMPASA,KOCATEPE MAH.,900,905
BAYRAMPASA,MURATPASA MAH.,900,906
BAYRAMPASA,ORTA MAH.,900,907
BAYRAMPASA,TERAZIDERE MAH.,900,908
BAYRAMPASA,VATAN MAH.,900,909
BAYRAMPASA,YENIDOGAN MAH.,900,910
BAYRAMPASA,YILDIRIM MAH.,900,911
BESIKTAS,ABBASAGA MAH.,1000,1001
BESIKTAS,AKAT MAH.,1000,1002
BESIKTAS,ARNAVUTKOY MAH.,1000,1003
BESIKTAS,BALMUMCU MAH.,1000,1004
BESIKTAS,BEBEK MAH.,1000,1005
BESIKTAS,CIHANNUMA MAH.,1000,1006
BESIKTAS,DIKILITAS MAH.,1000,1007
BESIKTAS,ETILER MAH.,1000,1008
BESIKTAS,GAYRETTEPE MAH.,1000,1009
BESIKTAS,KONAKLAR MAH.,1000,1010
BESIKTAS,KULTUR MAH.,1000,1011
BESIKTAS,KURUCESME MAH.,1000,1012
BESIKTAS,LEVAZIM MAH.,1000,1013
BESIKTAS,LEVENT MAH.,1000,1014
BESIKTAS,MECIDIYE MAH.,1000,1015
BESIKTAS,MURADIYE MAH.,1000,1016
BESIKTAS,NISBETIYE MAH.,1000,1017
BESIKTAS,ORTAKOY MAH.,1000,1018
BESIKTAS,SINANPASA MAH.,1000,1019
BESIKTAS,TURKALI MAH.,1000,1020
BESIKTAS,ULUS MAH.,1000,1021
BESIKTAS,VISNEZADE MAH.,1000,1022
BESIKTAS,YILDIZ MAH.,1000,1023
BEYKOZ,ACARLAR MAH.,1100,1101
BEYKOZ,AKBABA MAH.,1100,1102
BEYKOZ,ALIBAHADIR MAH.,1100,1103
BEYKOZ,ANADOLU HISARI MAH.,1100,1104
BEYKOZ,ANADOLU KAVAGI MAH.,1100,1105
BEYKOZ,ANADOLUFENERI MAH.,1100,1106
BEYKOZ,BAKLACI MAH.,1100,1107
BEYKOZ,BOZHANE MAH.,1100,1108
BEYKOZ,CAMLIBAHCE MAH.,1100,1109
BEYKOZ,CENGELDERE MAH.,1100,1110
BEYKOZ,CIFTLIK MAH.,1100,1111
BEYKOZ,CIGDEM MAH.,1100,1112
BEYKOZ,CUBUKLU MAH.,1100,1113
BEYKOZ,CUMHURIYET MAH.,1100,1114
BEYKOZ,DERESEKI MAH.,1100,1115
BEYKOZ,ELMALI MAH.,1100,1116
BEYKOZ,FATIH MAH.,1100,1117
BEYKOZ,GOKSU MAH.,1100,1118
BEYKOZ,GOLLU MAH.,1100,1119
BEYKOZ,GORELE MAH.,1100,1120
BEYKOZ,GOZTEPE MAH.,1100,1121
BEYKOZ,GUMUSSUYU MAH.,1100,1122
BEYKOZ,INCIRKOY MAH.,1100,1123
BEYKOZ,ISHAKLI MAH.,1100,1124
BEYKOZ,KANLICA MAH.,1100,1125
BEYKOZ,KAVACIK MAH.,1100,1126
BEYKOZ,KAYNARCA MAH.,1100,1127
BEYKOZ,KILICLI MAH.,1100,1128
BEYKOZ,MAHMUTSEVKETPASA MAH.,1100,1129
BEYKOZ,MERKEZ MAH.,1100,1130
BEYKOZ,OGUMCE MAH.,1100,1131
BEYKOZ,ORNEKKOY MAH.,1100,1132
BEYKOZ,ORTACESME MAH.,1100,1133
BEYKOZ,PASABAHCE MAH.,1100,1134
BEYKOZ,PASAMANDIRA MAH.,1100,1135
BEYKOZ,POLONEZKOY MAH.,1100,1136
BEYKOZ,POYRAZKOY MAH.,1100,1137
BEYKOZ,RIVA MAH.,1100,1138
BEYKOZ,RUZGARLIBAHCE MAH.,1100,1139
BEYKOZ,SOGUKSU MAH.,1100,1140
BEYKOZ,TOKATKOY MAH.,1100,1141
BEYKOZ,YALIKOY MAH.,1100,1142
BEYKOZ,YAVUZ SELIM MAH.,1100,1143
BEYKOZ,YENI MAHALLE MAH.,1100,1144
BEYKOZ,ZERZAVATCI MAH.,1100,1145
BEYLIKDUZU,ADNAN KAHVECI MAH.,1200,1201
BEYLIKDUZU,BARIS MAH.,1200,1202
BEYLIKDUZU,BUYUKSEHIR MAH.,1200,1203
BEYLIKDUZU,CUMHURIYET MAH.,1200,1204
BEYLIKDUZU,DEREAGZI MAH.,1200,1205
BEYLIKDUZU,GURPINAR MAH.,1200,1206
BEYLIKDUZU,KAVAKLI MAH.,1200,1207
BEYLIKDUZU,MARMARA MAH.,1200,1208
BEYLIKDUZU,SAHIL MAH.,1200,1209
BEYLIKDUZU,YAKUPLU MAH.,1200,1210
BEYOGLU,ARAP CAMI  MAH.,1300,1301
BEYOGLU,ASMALI MESCIT  MAH.,1300,1302
BEYOGLU,BEDRETTIN  MAH.,1300,1303
BEYOGLU,BEREKETZADE  MAH.,1300,1304
BEYOGLU,BOSTAN  MAH.,1300,1305
BEYOGLU,BULBUL  MAH.,1300,1306
BEYOGLU,CAMIIKEBIR  MAH.,1300,1307
BEYOGLU,CATMA MESCIT  MAH.,1300,1308
BEYOGLU,CIHANGIR  MAH.,1300,1309
BEYOGLU,CUKUR  MAH.,1300,1310
BEYOGLU,EMEKYEMEZ  MAH.,1300,1311
BEYOGLU,EVLIYA CELEBI  MAH.,1300,1312
BEYOGLU,FETIHTEPE  MAH.,1300,1313
BEYOGLU,FIRUZAGA  MAH.,1300,1314
BEYOGLU,GUMUSSUYU  MAH.,1300,1315
BEYOGLU,HACIAHMET  MAH.,1300,1316
BEYOGLU,HACIMIMI  MAH.,1300,1317
BEYOGLU,HALICIOGLU  MAH.,1300,1318
BEYOGLU,HUSEYINAGA  MAH.,1300,1319
BEYOGLU,ISTIKLAL  MAH.,1300,1320
BEYOGLU,KADIMEHMET EFENDI MAH.,1300,1321
BEYOGLU,KALYONCU KULLUGU MAH.,1300,1322
BEYOGLU,KAMER HATUN  MAH.,1300,1323
BEYOGLU,KAPTANPASA  MAH.,1300,1324
BEYOGLU,KATIPMUSTAFA CELEBI MAH.,1300,1325
BEYOGLU,KECECI PIRI  MAH.,1300,1326
BEYOGLU,KEMANKES KARAMUSTAFAPASA MAH.,1300,1327
BEYOGLU,KILICALI PASA  MAH.,1300,1328
BEYOGLU,KOCATEPE  MAH.,1300,1329
BEYOGLU,KUCUK PIYALE  MAH.,1300,1330
BEYOGLU,KULAKSIZ  MAH.,1300,1331
BEYOGLU,KULOGLU  MAH.,1300,1332
BEYOGLU,MUEYYETZADE MAH.,1300,1333
BEYOGLU,OMER AVNI  MAH.,1300,1334
BEYOGLU,ORNEKTEPE  MAH.,1300,1335
BEYOGLU,PIRIPASA MAH.,1300,1336
BEYOGLU,PIYALEPASA  MAH.,1300,1337
BEYOGLU,PURTELAS HASAN EFENDI  MAH.,1300,1338
BEYOGLU,SAHKULU  MAH.,1300,1339
BEYOGLU,SEHIT MUHTAR  MAH.,1300,1340
BEYOGLU,SURURI MEHMET EFENDI  MAH.,1300,1341
BEYOGLU,SUTLUCE  MAH.,1300,1342
BEYOGLU,TOMTOM  MAH.,1300,1343
BEYOGLU,YAHYA KAHYA  MAH.,1300,1344
BEYOGLU,YENISEHIR  MAH.,1300,1345
BUYUKCEKMECE,19 MAYIS MAH.,1400,1401
BUYUKCEKMECE,AHMEDIYE MAH.,1400,1402
BUYUKCEKMECE,ALKENT 2000 MAH.,1400,1403
BUYUKCEKMECE,ATATURK MAH.,1400,1404
BUYUKCEKMECE,BAHCELIEVLER MAH.,1400,1405
BUYUKCEKMECE,CAKMAKLI MAH.,1400,1406
BUYUKCEKMECE,CELALIYE MAH.,1400,1407
BUYUKCEKMECE,CUMHURIYET MAH.,1400,1408
BUYUKCEKMECE,DIZDARIYE MAH.,1400,1409
BUYUKCEKMECE,EKINOBA MAH.,1400,1410
BUYUKCEKMECE,FATIH MAH.,1400,1411
BUYUKCEKMECE,GUZELCE MAH.,1400,1412
BUYUKCEKMECE,HURRIYET MAH.,1400,1413
BUYUKCEKMECE,KAMILOBA MAH.,1400,1414
BUYUKCEKMECE,KARAAGAC MAH.,1400,1415
BUYUKCEKMECE,KUMBURGAZ MAH.,1400,1416
BUYUKCEKMECE,MIMAROBA MAH.,1400,1417
BUYUKCEKMECE,MIMARSINAN MAH.,1400,1418
BUYUKCEKMECE,MURAT CESME MAH.,1400,1419
BUYUKCEKMECE,PINARTEPE MAH.,1400,1420
BUYUKCEKMECE,SINANOBA MAH.,1400,1421
BUYUKCEKMECE,TURKOBA MAH.,1400,1422
BUYUKCEKMECE,ULUS MAH.,1400,1423
BUYUKCEKMECE,YENIMAHALLE MAH.,1400,1424
CATALCA,AKALAN MAH.,1500,1501
CATALCA,ATATURK MAH.,1500,1502
CATALCA,AYDINLAR MAH.,1500,1503
CATALCA,BAHSAYIS MAH.,1500,1504
CATALCA,BASAK MAH.,1500,1505
CATALCA,BELGRAT MAH.,1500,1506
CATALCA,CAKIL MAH.,1500,1507
CATALCA,CANAKCA MAH.,1500,1508
CATALCA,CELEPKOY MAH.,1500,1509
CATALCA,CIFTLIKKOY MAH.,1500,1510
CATALCA,DAGYENICE MAH.,1500,1511
CATALCA,ELBASAN MAH.,1500,1512
CATALCA,FATIH MAH.,1500,1513
CATALCA,FERHATPASA MAH.,1500,1514
CATALCA,GOKCEALI MAH.,1500,1515
CATALCA,GUMUSPINAR MAH.,1500,1516
CATALCA,HALLACLI MAH.,1500,1517
CATALCA,HISARBEYLI MAH.,1500,1518
CATALCA,IHSANIYE MAH.,1500,1519
CATALCA,INCEGIZ MAH.,1500,1520
CATALCA,IZZETTIN MAH.,1500,1521
CATALCA,KABAKCA MAH.,1500,1522
CATALCA,KALEICI MAH.,1500,1523
CATALCA,KALFA MAH.,1500,1524
CATALCA,KARACAKOY MERKEZ MAH.,1500,1525
CATALCA,KARAMANDERE MAH.,1500,1526
CATALCA,KESTANELIK MAH.,1500,1527
CATALCA,KIZILCAALI MAH.,1500,1528
CATALCA,MURATBEY MERKEZ MAH.,1500,1529
CATALCA,NAKKAS MAH.,1500,1530
CATALCA,OKLALI MAH.,1500,1531
CATALCA,ORCUNLU MAH.,1500,1532
CATALCA,ORENCIK MAH.,1500,1533
CATALCA,ORMANLI MAH.,1500,1534
CATALCA,OVAYENICE MAH.,1500,1535
CATALCA,SUBASI MAH.,1500,1536
CATALCA,YALIKOY MAH.,1500,1537
CATALCA,YAYLACIK MAH.,1500,1538
CATALCA,YAZLIK MAH.,1500,1539
CEKMEKOY,ALEMDAG MAH.,1600,1601
CEKMEKOY,AYDINLAR MAH.,1600,1602
CEKMEKOY,CAMLIK MAH.,1600,1603
CEKMEKOY,CATALMESE MAH.,1600,1604
CEKMEKOY,CUMHURIYET MAH.,1600,1605
CEKMEKOY,EKSIOGLU MAH.,1600,1606
CEKMEKOY,GUNGOREN MAH.,1600,1607
CEKMEKOY,HAMIDIYE MAH.,1600,1608
CEKMEKOY,HUSEYINLI MAH.,1600,1609
CEKMEKOY,KIRAZLIDERE MAH.,1600,1610
CEKMEKOY,KOCULLU MAH.,1600,1611
CEKMEKOY,MEHMET AKIF MAH.,1600,1612
CEKMEKOY,MERKEZ MAH.,1600,1613
CEKMEKOY,MIMAR SINAN MAH.,1600,1614
CEKMEKOY,NISANTEPE MAH.,1600,1615
CEKMEKOY,OMERLI MAH.,1600,1616
CEKMEKOY,RESADIYE MAH.,1600,1617
CEKMEKOY,SIRAPINAR MAH.,1600,1618
CEKMEKOY,SOGUKPINAR MAH.,1600,1619
CEKMEKOY,SULTANCIFTLIGI MAH.,1600,1620
CEKMEKOY,TASDELEN MAH.,1600,1621
ESENLER,BIRLIK MAH.,1700,1701
ESENLER,CIFTE HAVUZLAR MAH.,1700,1702
ESENLER,DAVUTPASA MAH.,1700,1703
ESENLER,FATIH MAH.,1700,1704
ESENLER,FEVZI CAKMAK MAH.,1700,1705
ESENLER,HAVAALANI MAH.,1700,1706
ESENLER,KAZIM KARABEKIR MAH.,1700,1707
ESENLER,KEMER MAH.,1700,1708
ESENLER,MENDERES MAH.,1700,1709
ESENLER,MIMAR SINAN MAH.,1700,1710
ESENLER,NAMIK KEMAL MAH.,1700,1711
ESENLER,NINE HATUN MAH.,1700,1712
ESENLER,ORUCREIS MAH.,1700,1713
ESENLER,TUNA MAH.,1700,1714
ESENLER,TURGUT REIS MAH.,1700,1715
ESENLER,YAVUZ SELIM MAH.,1700,1716
ESENYURT,AKCABURGAZ MAH.,1800,1801
ESENYURT,AKEVLER MAH.,1800,1802
ESENYURT,AKSEMSEDDIN MAH.,1800,1803
ESENYURT,ARDICLI MAH.,1800,1804
ESENYURT,ASIK VEYSEL MAH.,1800,1805
ESENYURT,ATATURK MAH.,1800,1806
ESENYURT,BAGLARCESME MAH.,1800,1807
ESENYURT,BALIKYOLU MAH.,1800,1808
ESENYURT,BARBAROS HAYRETTIN PASA MAH.,1800,1809
ESENYURT,BATTALGAZI MAH.,1800,1810
ESENYURT,CINAR MAH.,1800,1811
ESENYURT,CUMHURIYET MAH.,1800,1812
ESENYURT,ESENKENT  MAH.,1800,1813
ESENYURT,FATIH MAH.,1800,1814
ESENYURT,GOKEVLER MAH.,1800,1815
ESENYURT,GUZELYURT MAH.,1800,1816
ESENYURT,HURRIYET MAH.,1800,1817
ESENYURT,INCIRTEPE MAH.,1800,1818
ESENYURT,INONU MAH.,1800,1819
ESENYURT,ISTIKLAL MAH.,1800,1820
ESENYURT,KOZA MAH.,1800,1821
ESENYURT,MEHMET AKIF ERSOY MAH.,1800,1822
ESENYURT,MEHTERCESME MAH.,1800,1823
ESENYURT,MEVLANA MAH.,1800,1824
ESENYURT,NAMIK KEMAL MAH.,1800,1825
ESENYURT,NECIP FAZIL KISAKUREK MAH.,1800,1826
ESENYURT,ORHAN GAZI MAH.,1800,1827
ESENYURT,ORNEK MAH.,1800,1828
ESENYURT,OSMANGAZI MAH.,1800,1829
ESENYURT,PINAR MAH.,1800,1830
ESENYURT,PIRI REIS MAH.,1800,1831
ESENYURT,SAADETDERE MAH.,1800,1832
ESENYURT,SEHITLER MAH.,1800,1833
ESENYURT,SELAHADDIN EYYUBI MAH.,1800,1834
ESENYURT,SULEYMANIYE MAH.,1800,1835
ESENYURT,SULTANIYE MAH.,1800,1836
ESENYURT,TALATPASA MAH.,1800,1837
ESENYURT,TURGUT OZAL MAH.,1800,1838
ESENYURT,UCEVLER MAH.,1800,1839
ESENYURT,YENIKENT MAH.,1800,1840
ESENYURT,YESILKENT MAH.,1800,1841
ESENYURT,YUNUS EMRE MAH.,1800,1842
ESENYURT,ZAFER MAH.,1800,1843
EYUPSULTAN,AGACLI MAH.,1900,1901
EYUPSULTAN,AKPINAR MAH.,1900,1902
EYUPSULTAN,AKSEMSETTIN MAH.,1900,1903
EYUPSULTAN,ALIBEYKOY MAH.,1900,1904
EYUPSULTAN,CIFTALAN MAH.,1900,1905
EYUPSULTAN,CIRCIR MAH.,1900,1906
EYUPSULTAN,DEFTERDAR MAH.,1900,1907
EYUPSULTAN,DUGMECILER MAH.,1900,1908
EYUPSULTAN,EMNIYETTEPE MAH.,1900,1909
EYUPSULTAN,ESENTEPE MAH.,1900,1910
EYUPSULTAN,GOKTURK MERKEZ MAH.,1900,1911
EYUPSULTAN,GUZELTEPE MAH.,1900,1912
EYUPSULTAN,IHSANIYE MAH.,1900,1913
EYUPSULTAN,ISIKLAR MAH.,1900,1914
EYUPSULTAN,ISLAMBEY MAH.,1900,1915
EYUPSULTAN,KARADOLAP MAH.,1900,1916
EYUPSULTAN,MERKEZ MAH.,1900,1917
EYUPSULTAN,MIMAR SINAN MAH.,1900,1918
EYUPSULTAN,MITHATPASA MAH.,1900,1919
EYUPSULTAN,NISANCI MAH.,1900,1920
EYUPSULTAN,ODAYERI MAH.,1900,1921
EYUPSULTAN,PIRINCCI MAH.,1900,1922
EYUPSULTAN,RAMI CUMA MAH.,1900,1923
EYUPSULTAN,RAMI YENI MAH.,1900,1924
EYUPSULTAN,SAKARYA MAH.,1900,1925
EYUPSULTAN,SILAHTARAGA MAH.,1900,1926
EYUPSULTAN,TOPCULAR MAH.,1900,1927
EYUPSULTAN,YESILPINAR MAH.,1900,1928
FATIH,AKSARAY MAH.,2000,2001
FATIH,AKSEMSETTIN MAH.,2000,2002
FATIH,ALEMDAR MAH.,2000,2003
FATIH,ALI KUSCU MAH.,2000,2004
FATIH,ATIKALI MAH.,2000,2005
FATIH,AYVANSARAY MAH.,2000,2006
FATIH,BALABANAGA MAH.,2000,2007
FATIH,BALAT MAH.,2000,2008
FATIH,BEYAZIT MAH.,2000,2009
FATIH,BINBIRDIREK MAH.,2000,2010
FATIH,CANKURTARAN MAH.,2000,2011
FATIH,CERRAHPASA MAH.,2000,2012
FATIH,CIBALI MAH.,2000,2013
FATIH,DEMIRTAS MAH.,2000,2014
FATIH,DERVIS ALI MAH.,2000,2015
FATIH,EMIN SINAN MAH.,2000,2016
FATIH,HACI KADIN MAH.,2000,2017
FATIH,HASEKI SULTAN MAH.,2000,2018
FATIH,HIRKA-I SERIF MAH.,2000,2019
FATIH,HOBYAR MAH.,2000,2020
FATIH,HOCA GIYASETTIN MAH.,2000,2021
FATIH,HOCAPASA MAH.,2000,2022
FATIH,ISKENDERPASA MAH.,2000,2023
FATIH,KALENDERHANE MAH.,2000,2024
FATIH,KARAGUMRUK MAH.,2000,2025
FATIH,KATIP KASIM MAH.,2000,2026
FATIH,KEMALPASA MAH.,2000,2027
FATIH,KOCA MUSTAFAPASA MAH.,2000,2028
FATIH,KUCUK AYASOFYA MAH.,2000,2029
FATIH,MERCAN MAH.,2000,2030
FATIH,MESIHPASA MAH.,2000,2031
FATIH,MEVLANAKAPI MAH.,2000,2032
FATIH,MIMAR HAYRETTIN MAH.,2000,2033
FATIH,MIMAR KEMALETTIN MAH.,2000,2034
FATIH,MOLLA FENARI MAH.,2000,2035
FATIH,MOLLA GURANI MAH.,2000,2036
FATIH,MOLLA HUSREV MAH.,2000,2037
FATIH,MUHSINE HATUN MAH.,2000,2038
FATIH,NISANCA MAH.,2000,2039
FATIH,RUSTEMPASA MAH.,2000,2040
FATIH,SARAC ISHAK MAH.,2000,2041
FATIH,SARIDEMIR MAH.,2000,2042
FATIH,SEHREMINI MAH.,2000,2043
FATIH,SEHSUVAR BEY MAH.,2000,2044
FATIH,SEYYID OMER MAH.,2000,2045
FATIH,SILIVRIKAPI MAH.,2000,2046
FATIH,SULEYMANIYE MAH.,2000,2047
FATIH,SULTAN AHMET MAH.,2000,2048
FATIH,SUMBUL EFENDI MAH.,2000,2049
FATIH,SURURI MAH.,2000,2050
FATIH,TAHTAKALE MAH.,2000,2051
FATIH,TAYA HATUN MAH.,2000,2052
FATIH,TOPKAPI MAH.,2000,2053
FATIH,YAVUZ SINAN MAH.,2000,2054
FATIH,YAVUZ SULTAN SELIM MAH.,2000,2055
FATIH,YEDIKULE MAH.,2000,2056
FATIH,ZEYREK MAH.,2000,2057
GAZIOSMANPASA,BAGLARBASI MAH.,2100,2101
GAZIOSMANPASA,BARBAROS HAYRETTIN PASA MAH.,2100,2102
GAZIOSMANPASA,FEVZI CAKMAK MAH.,2100,2103
GAZIOSMANPASA,HURRIYET MAH.,2100,2104
GAZIOSMANPASA,KARADENIZ MAH.,2100,2105
GAZIOSMANPASA,KARAYOLLARI MAH.,2100,2106
GAZIOSMANPASA,KARLITEPE MAH.,2100,2107
GAZIOSMANPASA,KAZIM KARABEKIR MAH.,2100,2108
GAZIOSMANPASA,MERKEZ MAH.,2100,2109
GAZIOSMANPASA,MEVLANA MAH.,2100,2110
GAZIOSMANPASA,PAZARICI MAH.,2100,2111
GAZIOSMANPASA,SARIGOL MAH.,2100,2112
GAZIOSMANPASA,SEMSIPASA MAH.,2100,2113
GAZIOSMANPASA,YENI MAHALLE MAH.,2100,2114
GAZIOSMANPASA,YENIDOGAN MAH.,2100,2115
GAZIOSMANPASA,YILDIZTABYA MAH.,2100,2116
GUNGOREN,ABDURRAHMAN NAFIZ GURMAN MAH.,2200,2201
GUNGOREN,AKINCILAR MAH.,2200,2202
GUNGOREN,GENCOSMAN MAH.,2200,2203
GUNGOREN,GUNESTEPE MAH.,2200,2204
GUNGOREN,GUVEN MAH.,2200,2205
GUNGOREN,HAZNEDAR MAH.,2200,2206
GUNGOREN,MARESAL CAKMAK MAH.,2200,2207
GUNGOREN,MEHMET NESIH OZMEN MAH.,2200,2208
GUNGOREN,MERKEZ MAH.,2200,2209
GUNGOREN,SANAYI MAH.,2200,2210
GUNGOREN,TOZKOPARAN MAH.,2200,2211
KADIKOY,19 MAYIS MAH.,2300,2301
KADIKOY,ACIBADEM MAH.,2300,2302
KADIKOY,BOSTANCI MAH.,2300,2303
KADIKOY,CADDEBOSTAN MAH.,2300,2304
KADIKOY,CAFERAGA MAH.,2300,2305
KADIKOY,DUMLUPINAR MAH.,2300,2306
KADIKOY,EGITIM MAH.,2300,2307
KADIKOY,ERENKOY MAH.,2300,2308
KADIKOY,FENERBAHCE MAH.,2300,2309
KADIKOY,FENERYOLU MAH.,2300,2310
KADIKOY,FIKIRTEPE MAH.,2300,2311
KADIKOY,GOZTEPE MAH.,2300,2312
KADIKOY,HASANPASA MAH.,2300,2313
KADIKOY,KOSUYOLU MAH.,2300,2314
KADIKOY,KOZYATAGI MAH.,2300,2315
KADIKOY,MERDIVENKOY MAH.,2300,2316
KADIKOY,OSMANAGA MAH.,2300,2317
KADIKOY,RASIMPASA MAH.,2300,2318
KADIKOY,SAHRAYICEDIT MAH.,2300,2319
KADIKOY,SUADIYE MAH.,2300,2320
KADIKOY,ZUHTUPASA MAH.,2300,2321
KAGITHANE,CAGLAYAN MAH.,2400,2401
KAGITHANE,CELIKTEPE MAH.,2400,2402
KAGITHANE,EMNIYET EVLERI MAH.,2400,2403
KAGITHANE,GULTEPE MAH.,2400,2404
KAGITHANE,GURSEL MAH.,2400,2405
KAGITHANE,HAMIDIYE MAH.,2400,2406
KAGITHANE,HARMANTEPE MAH.,2400,2407
KAGITHANE,HURRIYET MAH.,2400,2408
KAGITHANE,MEHMET AKIF ERSOY MAH.,2400,2409
KAGITHANE,MERKEZ MAH.,2400,2410
KAGITHANE,NURTEPE MAH.,2400,2411
KAGITHANE,ORTABAYIR MAH.,2400,2412
KAGITHANE,SEYRANTEPE MAH.,2400,2413
KAGITHANE,SIRINTEPE MAH.,2400,2414
KAGITHANE,SULTAN SELIM MAH.,2400,2415
KAGITHANE,TALATPASA MAH.,2400,2416
KAGITHANE,TELSIZLER MAH.,2400,2417
KAGITHANE,YAHYA KEMAL MAH.,2400,2418
KAGITHANE,YESILCE MAH.,2400,2419
KARTAL,ATALAR MAH.,2500,2501
KARTAL,CAVUSOGLU MAH.,2500,2502
KARTAL,CEVIZLI MAH.,2500,2503
KARTAL,CUMHURIYET MAH.,2500,2504
KARTAL,ESENTEPE MAH.,2500,2505
KARTAL,GUMUSPINAR MAH.,2500,2506
KARTAL,HURRIYET MAH.,2500,2507
KARTAL,KARLIKTEPE MAH.,2500,2508
KARTAL,KORDONBOYU MAH.,2500,2509
KARTAL,ORHANTEPE MAH.,2500,2510
KARTAL,ORTA MAH.,2500,2511
KARTAL,PETROL IS MAH.,2500,2512
KARTAL,SOGANLIK YENI MAH.,2500,2513
KARTAL,TOPSELVI MAH.,2500,2514
KARTAL,UGUR MUMCU MAH.,2500,2515
KARTAL,YAKACIK CARSI MAH.,2500,2516
KARTAL,YAKACIK YENI MAH.,2500,2517
KARTAL,YALI MAH.,2500,2518
KARTAL,YUKARI MAH.,2500,2519
KARTAL,YUNUS MAH.,2500,2520
KUCUKCEKMECE,ATAKENT MAH.,2600,2601
KUCUKCEKMECE,ATATURK MAH.,2600,2602
KUCUKCEKMECE,BESYOL MAH.,2600,2603
KUCUKCEKMECE,CENNET MAH.,2600,2604
KUCUKCEKMECE,CUMHURIYET MAH.,2600,2605
KUCUKCEKMECE,FATIH MAH.,2600,2606
KUCUKCEKMECE,FEVZI CAKMAK MAH.,2600,2607
KUCUKCEKMECE,GULTEPE MAH.,2600,2608
KUCUKCEKMECE,HALKALI MERKEZ MAH.,2600,2609
KUCUKCEKMECE,INONU MAH.,2600,2610
KUCUKCEKMECE,ISTASYON MAH.,2600,2611
KUCUKCEKMECE,KANARYA MAH.,2600,2612
KUCUKCEKMECE,KARTALTEPE MAH.,2600,2613
KUCUKCEKMECE,KEMALPASA MAH.,2600,2614
KUCUKCEKMECE,MEHMET AKIF MAH.,2600,2615
KUCUKCEKMECE,SOGUTLU CESME MAH.,2600,2616
KUCUKCEKMECE,SULTAN MURAT MAH.,2600,2617
KUCUKCEKMECE,TEVFIKBEY MAH.,2600,2618
KUCUKCEKMECE,YARIMBURGAZ MAH.,2600,2619
KUCUKCEKMECE,YENI MAHALLE MAH.,2600,2620
KUCUKCEKMECE,YESILOVA MAH.,2600,2621
MALTEPE,ALTAYCESME MAH.,2700,2701
MALTEPE,ALTINTEPE MAH.,2700,2702
MALTEPE,AYDINEVLER MAH.,2700,2703
MALTEPE,BAGLARBASI MAH.,2700,2704
MALTEPE,BASIBUYUK MAH.,2700,2705
MALTEPE,BUYUKBAKKALKOY MAH.,2700,2706
MALTEPE,CEVIZLI MAH.,2700,2707
MALTEPE,CINAR MAH.,2700,2708
MALTEPE,ESENKENT MAH.,2700,2709
MALTEPE,FEYZULLAH MAH.,2700,2710
MALTEPE,FINDIKLI MAH.,2700,2711
MALTEPE,GIRNE MAH.,2700,2712
MALTEPE,GULENSU MAH.,2700,2713
MALTEPE,GULSUYU MAH.,2700,2714
MALTEPE,IDEALTEPE MAH.,2700,2715
MALTEPE,KUCUKYALI MERKEZ MAH.,2700,2716
MALTEPE,YALI MAH.,2700,2717
MALTEPE,ZUMRUTEVLER MAH.,2700,2718
PENDIK,AHMET YESEVI MAH.,2800,2801
PENDIK,BAHCELIEVLER MAH.,2800,2802
PENDIK,BALLICA MAH.,2800,2803
PENDIK,BATI MAH.,2800,2804
PENDIK,CAMCESME MAH.,2800,2805
PENDIK,CAMLIK MAH.,2800,2806
PENDIK,CINARDERE MAH.,2800,2807
PENDIK,DOGU MAH.,2800,2808
PENDIK,DUMLUPINAR MAH.,2800,2809
PENDIK,EMIRLI MAH.,2800,2810
PENDIK,ERTUGRUL GAZI MAH.,2800,2811
PENDIK,ESENLER MAH.,2800,2812
PENDIK,ESENYALI MAH.,2800,2813
PENDIK,FATIH MAH.,2800,2814
PENDIK,FEVZI CAKMAK MAH.,2800,2815
PENDIK,GOCBEYLI MAH.,2800,2816
PENDIK,GULLU BAGLAR MAH.,2800,2817
PENDIK,GUZELYALI MAH.,2800,2818
PENDIK,HARMANDERE MAH.,2800,2819
PENDIK,KAVAKPINAR MAH.,2800,2820
PENDIK,KAYNARCA MAH.,2800,2821
PENDIK,KURNA MAH.,2800,2822
PENDIK,KURTDOGMUS MAH.,2800,2823
PENDIK,KURTKOY MAH.,2800,2824
PENDIK,ORHANGAZI MAH.,2800,2825
PENDIK,ORTA MAH.,2800,2826
PENDIK,RAMAZANOGLU MAH.,2800,2827
PENDIK,SANAYI MAH.,2800,2828
PENDIK,SAPAN BAGLARI MAH.,2800,2829
PENDIK,SEYHLI MAH.,2800,2830
PENDIK,SULUNTEPE MAH.,2800,2831
PENDIK,VELIBABA MAH.,2800,2832
PENDIK,YAYALAR MAH.,2800,2833
PENDIK,YENI MAH.,2800,2834
PENDIK,YENISEHIR MAH.,2800,2835
PENDIK,YESILBAGLAR MAH.,2800,2836
SANCAKTEPE,ABDURRAHMANGAZI MAH.,2900,2901
SANCAKTEPE,AKPINAR MAH.,2900,2902
SANCAKTEPE,ATATURK MAH.,2900,2903
SANCAKTEPE,EMEK MAH.,2900,2904
SANCAKTEPE,EYUP SULTAN MAH.,2900,2905
SANCAKTEPE,FATIH MAH.,2900,2906
SANCAKTEPE,HILAL MAH.,2900,2907
SANCAKTEPE,INONU MAH.,2900,2908
SANCAKTEPE,KEMAL TURKLER MAH.,2900,2909
SANCAKTEPE,MECLIS MAH.,2900,2910
SANCAKTEPE,MERVE MAH.,2900,2911
SANCAKTEPE,MEVLANA MAH.,2900,2912
SANCAKTEPE,OSMANGAZI MAH.,2900,2913
SANCAKTEPE,PASAKOY MAH.,2900,2914
SANCAKTEPE,SAFA MAH.,2900,2915
SANCAKTEPE,SARIGAZI MAH.,2900,2916
SANCAKTEPE,VEYSEL KARANI MAH.,2900,2917
SANCAKTEPE,YENIDOGAN MAH.,2900,2918
SANCAKTEPE,YUNUS EMRE MAH.,2900,2919
SARIYER,AYAZAGA MAH.,3000,3001
SARIYER,BAHCEKOY KEMER MAH.,3000,3002
SARIYER,BAHCEKOY MERKEZ MAH.,3000,3003
SARIYER,BAHCEKOY YENI MAH.,3000,3004
SARIYER,BALTALIMANI MAH.,3000,3005
SARIYER,BUYUKDERE MAH.,3000,3006
SARIYER,CAMLITEPE MAH.,3000,3007
SARIYER,CAYIRBASI MAH.,3000,3008
SARIYER,CUMHURIYET MAH.,3000,3009
SARIYER,DARUSSAFAKA MAH.,3000,3010
SARIYER,DEMIRCIKOY MAH.,3000,3011
SARIYER,EMIRGAN MAH.,3000,3012
SARIYER,FATIH SULTAN MEHMET MAH.,3000,3013
SARIYER,FERAHEVLER MAH.,3000,3014
SARIYER,GARIPCE MAH.,3000,3015
SARIYER,GUMUSDERE MAH.,3000,3016
SARIYER,HUZUR MAH.,3000,3017
SARIYER,ISTINYE MAH.,3000,3018
SARIYER,KAZIM KARABEKIR PASA MAH.,3000,3019
SARIYER,KIRECBURNU MAH.,3000,3020
SARIYER,KISIRKAYA MAH.,3000,3021
SARIYER,KOCATAS MAH.,3000,3022
SARIYER,KUMKOY (KILYOS) MAH.,3000,3023
SARIYER,MADEN MAH.,3000,3024
SARIYER,MASLAK MAH.,3000,3025
SARIYER,PINAR MAH.,3000,3026
SARIYER,POLIGON MAH.,3000,3027
SARIYER,PTT EVLERI MAH.,3000,3028
SARIYER,RESITPASA MAH.,3000,3029
SARIYER,RUMELIFENERI MAH.,3000,3030
SARIYER,RUMELIHISARI MAH.,3000,3031
SARIYER,RUMELIKAVAGI MAH.,3000,3032
SARIYER,SARIYER MERKEZ MAH.,3000,3033
SARIYER,TARABYA MAH.,3000,3034
SARIYER,USKUMRUKOY MAH.,3000,3035
SARIYER,YENI MAH.,3000,3036
SARIYER,YENIKOY MAH.,3000,3037
SARIYER,ZEKERIYAKOY MAH.,3000,3038
SILE,AGACDERE MAH.,3100,3101
SILE,AGVA MERKEZ MAH.,3100,3102
SILE,AHMETLI MAH.,3100,3103
SILE,AKCAKESE MAH.,3100,3104
SILE,ALACALI MAH.,3100,3105
SILE,AVCIKORU MAH.,3100,3106
SILE,BALIBEY MAH.,3100,3107
SILE,BICKIDERE MAH.,3100,3108
SILE,BOZGOCA MAH.,3100,3109
SILE,BUCAKLI MAH.,3100,3110
SILE,CATAKLI MAH.,3100,3111
SILE,CAVUS MAH.,3100,3112
SILE,CAYIRBASI MAH.,3100,3113
SILE,CELEBI MAH.,3100,3114
SILE,CENGILLI MAH.,3100,3115
SILE,DARLIK MAH.,3100,3116
SILE,DEGIRMENCAYIRI MAH.,3100,3117
SILE,DOGANCILI MAH.,3100,3118
SILE,ERENLER MAH.,3100,3119
SILE,ESENCELI MAH.,3100,3120
SILE,GEREDELI MAH.,3100,3121
SILE,GOCE MAH.,3100,3122
SILE,GOKMASLI MAH.,3100,3123
SILE,GOKSU MAH.,3100,3124
SILE,HACI KASIM MAH.,3100,3125
SILE,HACILLI MAH.,3100,3126
SILE,HASANLI MAH.,3100,3127
SILE,IMRENDERE MAH.,3100,3128
SILE,IMRENLI MAH.,3100,3129
SILE,ISAKOY MAH.,3100,3130
SILE,KABAKOZ MAH.,3100,3131
SILE,KADIKOY MAH.,3100,3132
SILE,KALEM MAH.,3100,3133
SILE,KARABEYLI MAH.,3100,3134
SILE,KARACAKOY MAH.,3100,3135
SILE,KARAKIRAZ MAH.,3100,3136
SILE,KARAMANDERE MAH.,3100,3137
SILE,KERVANSARAY MAH.,3100,3138
SILE,KIZILCA MAH.,3100,3139
SILE,KOMURLUK MAH.,3100,3140
SILE,KORUCU MAH.,3100,3141
SILE,KUMBABA MAH.,3100,3142
SILE,KURFALLI MAH.,3100,3143
SILE,KURNA MAH.,3100,3144
SILE,MESRUTIYET MAH.,3100,3145
SILE,ORUCOGLU MAH.,3100,3146
SILE,OSMANKOY MAH.,3100,3147
SILE,OVACIK MAH.,3100,3148
SILE,SAHILKOY MAH.,3100,3149
SILE,SATMAZLI MAH.,3100,3150
SILE,SOFULAR MAH.,3100,3151
SILE,SOGULLU MAH.,3100,3152
SILE,SORTULLU MAH.,3100,3153
SILE,SUAYIPLI MAH.,3100,3154
SILE,TEKE MAH.,3100,3155
SILE,ULUPELIT MAH.,3100,3156
SILE,UVEZLI MAH.,3100,3157
SILE,YAKA MAH.,3100,3158
SILE,YAYLALI MAH.,3100,3159
SILE,YAZIMANAYIR MAH.,3100,3160
SILE,YENIKOY MAH.,3100,3161
SILE,YESILVADI MAH.,3100,3162
SILIVRI,AKOREN MAH.,3200,3201
SILIVRI,ALIBEY MAH.,3200,3202
SILIVRI,ALIPASA  MAH.,3200,3203
SILIVRI,BALABAN MAH.,3200,3204
SILIVRI,BEKIRLI MAH.,3200,3205
SILIVRI,BEYCILER MAH.,3200,3206
SILIVRI,BUYUK CAVUSLU MAH.,3200,3207
SILIVRI,BUYUK KILICLI MAH.,3200,3208
SILIVRI,BUYUK SINEKLI MAH.,3200,3209
SILIVRI,CAYIRDERE MAH.,3200,3210
SILIVRI,CELTIK MAH.,3200,3211
SILIVRI,CUMHURIYET  MAH.,3200,3212
SILIVRI,DANAMANDIRA MAH.,3200,3213
SILIVRI,FATIH MAH.,3200,3214
SILIVRI,FENER MAH.,3200,3215
SILIVRI,FEVZIPASA MAH.,3200,3216
SILIVRI,GAZITEPE  MAH.,3200,3217
SILIVRI,GUMUSYAKA MAH.,3200,3218
SILIVRI,HURRIYET MAH.,3200,3219
SILIVRI,ISMETPASA MAH.,3200,3220
SILIVRI,KADIKOY MAH.,3200,3221
SILIVRI,KAVAKLI MAH.,3200,3222
SILIVRI,KUCUK KILICLI  MAH.,3200,3223
SILIVRI,KUCUK SINEKLI MAH.,3200,3224
SILIVRI,KURFALLI MAH.,3200,3225
SILIVRI,MIMAR SINAN MAH.,3200,3226
SILIVRI,ORTAKOY MAH.,3200,3227
SILIVRI,PIRI MEHMET PASA MAH.,3200,3228
SILIVRI,SANCAKTEPE MAH.,3200,3229
SILIVRI,SAYALAR MAH.,3200,3230
SILIVRI,SELIMPASA MAH.,3200,3231
SILIVRI,SEMIZKUMLAR MAH.,3200,3232
SILIVRI,SEYMEN MAH.,3200,3233
SILIVRI,YENI MAH.,3200,3234
SILIVRI,YOLCATI MAH.,3200,3235
SISLI,19 MAYIS MAH.,3300,3301
SISLI,BOZKURT MAH.,3300,3302
SISLI,CUMHURIYET MAH.,3300,3303
SISLI,DUATEPE MAH.,3300,3304
SISLI,ERGENEKON MAH.,3300,3305
SISLI,ESENTEPE MAH.,3300,3306
SISLI,ESKISEHIR MAH.,3300,3307
SISLI,FERIKOY MAH.,3300,3308
SISLI,FULYA MAH.,3300,3309
SISLI,GULBAHAR MAH.,3300,3310
SISLI,HALASKARGAZI MAH.,3300,3311
SISLI,HALIDE EDIP ADIVAR MAH.,3300,3312
SISLI,HALIL RIFAT PASA MAH.,3300,3313
SISLI,HARBIYE MAH.,3300,3314
SISLI,INONU MAH.,3300,3315
SISLI,IZZET PASA MAH.,3300,3316
SISLI,KAPTANPASA MAH.,3300,3317
SISLI,KUSTEPE MAH.,3300,3318
SISLI,MAHMUT SEVKET PASA MAH.,3300,3319
SISLI,MECIDIYEKOY MAH.,3300,3320
SISLI,MERKEZ MAH.,3300,3321
SISLI,MESRUTIYET MAH.,3300,3322
SISLI,PASA MAH.,3300,3323
SISLI,TESVIKIYE MAH.,3300,3324
SISLI,YAYLA MAH.,3300,3325
SULTANBEYLI,ABDURRAHMANGAZI MAH.,3400,3401
SULTANBEYLI,ADIL MAH.,3400,3402
SULTANBEYLI,AHMET YESEVI MAH.,3400,3403
SULTANBEYLI,AKSEMSETTIN MAH.,3400,3404
SULTANBEYLI,BATTALGAZI MAH.,3400,3405
SULTANBEYLI,FATIH  MAH.,3400,3406
SULTANBEYLI,HAMIDIYE MAH.,3400,3407
SULTANBEYLI,HASANPASA MAH.,3400,3408
SULTANBEYLI,MECIDIYE MAH.,3400,3409
SULTANBEYLI,MEHMET AKIF MAH.,3400,3410
SULTANBEYLI,MIMAR SINAN MAH.,3400,3411
SULTANBEYLI,NECIP FAZIL MAH.,3400,3412
SULTANBEYLI,ORHANGAZI MAH.,3400,3413
SULTANBEYLI,TURGUT REIS MAH.,3400,3414
SULTANBEYLI,YAVUZ SELIM MAH.,3400,3415
SULTANGAZI,50. YIL MAH.,3500,3501
SULTANGAZI,75. YIL MAH.,3500,3502
SULTANGAZI,CEBECI MAH.,3500,3503
SULTANGAZI,CUMHURIYET MAH.,3500,3504
SULTANGAZI,ESENTEPE MAH.,3500,3505
SULTANGAZI,ESKI HABIPLER MAH.,3500,3506
SULTANGAZI,GAZI MAH.,3500,3507
SULTANGAZI,HABIBLER MAH.,3500,3508
SULTANGAZI,ISMETPASA MAH.,3500,3509
SULTANGAZI,MALKOCOGLU MAH.,3500,3510
SULTANGAZI,SULTANCIFTLIGI MAH.,3500,3511
SULTANGAZI,UGUR MUMCU MAH.,3500,3512
SULTANGAZI,YAYLA MAH.,3500,3513
SULTANGAZI,YUNUS EMRE MAH.,3500,3514
SULTANGAZI,ZUBEYDE HANIM MAH.,3500,3515
TUZLA,AKFIRAT MAH.,3600,3601
TUZLA,ANADOLU MAH.,3600,3602
TUZLA,AYDINLI MAH.,3600,3603
TUZLA,AYDINTEPE MAH.,3600,3604
TUZLA,CAMI MAH.,3600,3605
TUZLA,EVLIYA CELEBI MAH.,3600,3606
TUZLA,FATIH MAH.,3600,3607
TUZLA,ICMELER MAH.,3600,3608
TUZLA,ISTASYON MAH.,3600,3609
TUZLA,MESCIT MAH.,3600,3610
TUZLA,MIMAR SINAN MAH.,3600,3611
TUZLA,ORHANLI MAH.,3600,3612
TUZLA,ORTA MAH.,3600,3613
TUZLA,POSTANE MAH.,3600,3614
TUZLA,SIFA MAH.,3600,3615
TUZLA,TEPEOREN MAH.,3600,3616
TUZLA,YAYLA MAH.,3600,3617
UMRANIYE,ADEM YAVUZ MAH.,3700,3701
UMRANIYE,ALTINSEHIR MAH.,3700,3702
UMRANIYE,ARMAGANEVLER MAH.,3700,3703
UMRANIYE,ASAGI DUDULLU MAH.,3700,3704
UMRANIYE,ATAKENT MAH.,3700,3705
UMRANIYE,ATATURK MAH.,3700,3706
UMRANIYE,CAKMAK MAH.,3700,3707
UMRANIYE,CAMLIK MAH.,3700,3708
UMRANIYE,CEMIL MERIC MAH.,3700,3709
UMRANIYE,DUMLUPINAR MAH.,3700,3710
UMRANIYE,ELMALIKENT MAH.,3700,3711
UMRANIYE,ESENEVLER MAH.,3700,3712
UMRANIYE,ESENKENT MAH.,3700,3713
UMRANIYE,ESENSEHIR MAH.,3700,3714
UMRANIYE,FATIH SULTAN MEHMET MAH.,3700,3715
UMRANIYE,FINANSKENT MAH.,3700,3716
UMRANIYE,HEKIMBASI MAH.,3700,3717
UMRANIYE,HUZUR MAH.,3700,3718
UMRANIYE,IHLAMURKUYU MAH.,3700,3719
UMRANIYE,INKILAP MAH.,3700,3720
UMRANIYE,ISTIKLAL MAH.,3700,3721
UMRANIYE,KAZIM KARABEKIR MAH.,3700,3722
UMRANIYE,MADENLER MAH.,3700,3723
UMRANIYE,MEHMET AKIF MAH.,3700,3724
UMRANIYE,NAMIK KEMAL MAH.,3700,3725
UMRANIYE,NECIP FAZIL MAH.,3700,3726
UMRANIYE,PARSELLER MAH.,3700,3727
UMRANIYE,SARAY MAH.,3700,3728
UMRANIYE,SERIFALI MAH.,3700,3729
UMRANIYE,SITE MAH.,3700,3730
UMRANIYE,TANTAVI MAH.,3700,3731
UMRANIYE,TATLISU MAH.,3700,3732
UMRANIYE,TEPEUSTU MAH.,3700,3733
UMRANIYE,TOPAGACI MAH.,3700,3734
UMRANIYE,YAMANEVLER MAH.,3700,3735
UMRANIYE,YENISEHIR MAH.,3700,3736
UMRANIYE,YUKARI DUDULLU MAH.,3700,3737
USKUDAR,ACIBADEM MAH.,3800,3801
USKUDAR,AHMEDIYE MAH.,3800,3802
USKUDAR,ALTUNIZADE MAH.,3800,3803
USKUDAR,AZIZ MAHMUT HUDAYI MAH.,3800,3804
USKUDAR,BAHCELIEVLER MAH.,3800,3805
USKUDAR,BARBAROS  MAH.,3800,3806
USKUDAR,BEYLERBEYI MAH.,3800,3807
USKUDAR,BULGURLU  MAH.,3800,3808
USKUDAR,BURHANIYE MAH.,3800,3809
USKUDAR,CENGELKOY MAH.,3800,3810
USKUDAR,CUMHURIYET MAH.,3800,3811
USKUDAR,FERAH  MAH.,3800,3812
USKUDAR,GUZELTEPE  MAH.,3800,3813
USKUDAR,ICADIYE MAH.,3800,3814
USKUDAR,KANDILLI MAH.,3800,3815
USKUDAR,KIRAZLITEPE MAH.,3800,3816
USKUDAR,KISIKLI  MAH.,3800,3817
USKUDAR,KUCUK CAMLICA MAH.,3800,3818
USKUDAR,KUCUKSU  MAH.,3800,3819
USKUDAR,KULELI MAH.,3800,3820
USKUDAR,KUPLUCE  MAH.,3800,3821
USKUDAR,KUZGUNCUK  MAH.,3800,3822
USKUDAR,MEHMET AKIF ERSOY MAH.,3800,3823
USKUDAR,MIMAR SINAN MAH.,3800,3824
USKUDAR,MURATREIS MAH.,3800,3825
USKUDAR,SALACAK  MAH.,3800,3826
USKUDAR,SELAMI ALI MAH.,3800,3827
USKUDAR,SELIMIYE MAH.,3800,3828
USKUDAR,SULTANTEPE MAH.,3800,3829
USKUDAR,UNALAN  MAH.,3800,3830
USKUDAR,VALIDE-I ATIK MAH.,3800,3831
USKUDAR,YAVUZTURK  MAH.,3800,3832
USKUDAR,ZEYNEP KAMIL MAH.,3800,3833
ZEYTINBURNU,BESTELSIZ MAH.,3900,3901
ZEYTINBURNU,CIRPICI MAH.,3900,3902
ZEYTINBURNU,GOKALP MAH.,3900,3903
ZEYTINBURNU,KAZLICESME MAH.,3900,3904
ZEYTINBURNU,MALTEPE MAH.,3900,3905
ZEYTINBURNU,MERKEZEFENDI MAH.,3900,3906
ZEYTINBURNU,NURIPASA MAH.,3900,3907
ZEYTINBURNU,SEYITNIZAM MAH.,3900,3908
ZEYTINBURNU,SUMER MAH.,3900,3909
ZEYTINBURNU,TELSIZ MAH.,3900,3910
ZEYTINBURNU,VELIEFENDI MAH.,3900,3911
ZEYTINBURNU,YENIDOGAN MAH.,3900,3912
ZEYTINBURNU,YESILTEPE MAH.,3900,3913
